Id,CID,LastName,FirstName,Party,Office,FECCandID
1,N00036633,Abraham,Ralph,R,LA05,H4LA05221
2,N00035451,Adams,Alma,D,NC12,H4NC12100
3,N00003028,Aderholt,Robert B,R,AL04,H6AL04098
4,N00033997,Aguilar,Pete,D,CA31,H2CA31125
5,N00009888,Alexander,Lamar,R,TNS2,S2TN00058
6,N00033720,Allen,Richard W,R,GA12,H2GA12121
7,N00031938,Amash,Justin,R,MI03,H0MI03126
8,N00031177,Amodei,Mark,R,NV02,H2NV02395
9,N00038285,Arrington,Jodey,R,TX19,H6TX19099
10,N00005736,Babin,Brian,R,TX36,H6TX02079
11,N00037049,Bacon,Donald John,R,NE02,H6NE02125
12,N00042194,Balderson,Troy,R,OH12,H8OH12180
13,N00004367,Baldwin,Tammy,D,WIS1,S2WI00219
14,N00037185,Banks,Jim,R,IN03,H6IN03229
15,N00025495,Barletta,Lou,R,PA11,S8PA00320
16,N00031233,Barr,Andy,R,KY06,H0KY06104
17,N00037019,Barragan,Nanette,D,CA44,H6CA44103
18,N00006236,Barrasso,John A,R,WYS1,S6WY00068
19,N00005656,Barton,Joe,R,TX06,H4TX06117
20,N00031877,Bass,Karen,D,CA37,H0CA33117
21,N00033904,Beatty,Joyce,D,OH03,H2OH03125
22,N00009774,Becerra,Xavier,D,CA34,H2CA30143
23,N00030608,Bennet,Michael,D,COS1,S0CO00211
24,N00030717,Bera,Ami,D,CA07,H0CA03078
25,N00039533,Bergman,John,R,MI01,H6MI01226
26,N00031559,Beutler,Jaime Herrera,R,WA03,H0WA03187
27,N00036018,Beyer,Don,D,VA08,H4VA08224
28,N00039293,Biggs,Andy,R,AZ05,H6AZ05083
29,N00027462,Bilirakis,Gus,R,FL12,H6FL09070
30,N00036449,Bishop,Mike,R,MI08,H4MI08135
31,N00025292,Bishop,Rob,R,UT01,H2UT01094
32,N00002674,Bishop,Sanford,D,GA02,H2GA02031
33,N00031539,Black,Diane,R,TN06,H0TN06257
34,N00003105,Blackburn,Marsha,R,TN07,S8TN00337
35,N00033744,Blum,Rod,R,IA01,H2IA01055
36,N00007727,Blumenauer,Earl,D,OR03,H6OR03064
37,N00031685,Blumenthal,Richard,D,CTS2,S0CT00177
38,N00005195,Blunt,Roy,R,MOS1,S0MO00183
39,N00033474,Bonamici,Suzanne,D,OR01,H2OR01133
40,N00035267,Booker,Cory,D,NJS2,S4NJ00185
41,N00013873,Boozman,John,R,ARS2,S0AR00150
42,N00024866,Bordallo,Madeleine Z,D,GU00,H2GU00033
43,N00035420,Bost,Mike,R,IL12,H4IL12060
44,N00035307,Boyle,Brendan,D,PA13,H4PA13199
45,N00005883,Brady,Kevin,R,TX08,H6TX08100
46,N00001619,Brady,Robert A,D,PA01,H8PA01153
47,N00036013,Brat,Dave,R,VA07,H4VA07143
48,N00033532,Bridenstine,James,R,OK01,H2OK01143
49,N00030910,Brooks,Mo,R,AL05,H0AL05163
50,N00033495,Brooks,Susan,R,IN05,H2IN05082
51,N00036999,Brown,Anthony,D,MD04,H6MD04209
52,N00003535,Brown,Sherrod,D,OHS1,S6OH00163
53,N00034254,Brownley,Julia,D,CA26,H2CA00120
54,N00027626,Buchanan,Vernon,R,FL16,H6FL13148
55,N00030829,Buck,Ken,R,CO04,H4CO04090
56,N00031227,Bucshon,Larry,R,IN08,H0IN08114
57,N00039551,Budd,Ted,R,NC13,H6NC13129
58,N00025219,Burgess,Michael,R,TX26,H2TX26093
59,N00002221,Burr,Richard,R,NCS2,S4NC00089
60,N00033390,Bustos,Cheri,D,IL17,H2IL17071
61,N00027035,Butterfield,G K,D,NC01,H4NC01046
62,N00035380,Byrne,Bradley,R,AL01,H4AL01123
63,N00007099,Calvert,Ken,R,CA42,H2CA37023
64,N00007836,Cantwell,Maria,D,WAS1,S8WA00194
65,N00009771,Capito,Shelley Moore,R,WVS2,S4WV00159
66,N00000267,Capuano,Michael E,D,MA07,H8MA08071
67,N00037015,Carbajal,Salud,D,CA24,H6CA24303
68,N00033373,Cardenas,Tony,D,CA29,H2CA28113
69,N00001955,Cardin,Ben,D,MDS1,S6MD03177
70,N00012508,Carper,Tom,D,DES1,S8DE00079
71,N00029513,Carson,Andre,D,IN07,H8IN07184
72,N00035346,Carter,Buddy,R,GA01,H4GA01039
73,N00025095,Carter,John,R,TX31,H2TX31044
74,N00034128,Cartwright,Matt,D,PA17,H2PA17079
75,N00027503,Casey,Bob,D,PAS2,S6PA00217
76,N00030245,Cassidy,Bill,R,LAS1,S4LA00107
77,N00027514,Castor,Kathy,D,FL14,H6FL11126
78,N00033316,Castro,Joaquin,D,TX20,H2TX35011
79,N00003689,Chabot,Steve,R,OH01,H8OH01043
80,N00028958,Chaffetz,Jason,R,UT03,H8UT03089
81,N00035504,Cheney,Liz,R,WY01,H6WY00159
82,N00030600,Chu,Judy,D,CA27,H0CA32101
83,N00032019,Cicilline,David,D,RI01,H0RI01073
84,N00035278,Clark,Katherine,D,MA05,H4MA05084
85,N00026961,Clarke,Yvette D,D,NY09,H4NY11138
86,N00012460,Clay,William L Jr,D,MO01,H0MO01066
87,N00026790,Cleaver,Emanuel,D,MO05,H4MO05234
88,N00041882,Cloud,Michael,R,TX27,H8TX27049
89,N00002408,Clyburn,James E,D,SC06,H2SC02042
90,N00003328,Cochran,Thad,R,MSS1,S8MS00055
91,N00024753,Coffman,Mike,R,CO06,H8CO06138
92,N00003225,Cohen,Steve,D,TN09,H6TN09068
93,N00025726,Cole,Tom,R,OK04,H2OK04055
94,N00036158,Coleman,Bonnie,D,NJ12,H4NJ12149
95,N00001285,Collins,Chris,R,NY27,H8NY29032
96,N00033518,Collins,Doug,R,GA09,H2GA09150
97,N00000491,Collins,Susan M,R,MES2,S6ME00159
98,N00038260,Comer,James,R,KY01,H6KY01110
99,N00036023,Comstock,Barbara,R,VA10,H4VA10089
100,N00026041,Conaway,Mike,R,TX11,H4TX19136
101,N00029891,Connolly,Gerry,D,VA11,H8VA11062
102,N00004029,Conyers,John Jr,D,MI13,H6MI01028
103,N00034224,Cook,Paul,R,CA08,H2CA08164
104,N00031820,Coons,Chris,D,DES2,S0DE00092
105,N00003132,Cooper,Jim,D,TN05,H2TN05131
106,N00027441,Corker,Bob,R,TNS1,S6TN00216
107,N00024852,Cornyn,John,R,TXS1,S2TX00106
108,N00037260,Correa,Lou,D,CA46,H6CA46116
109,N00026341,Costa,Jim,D,CA16,H4CA20082
110,N00031064,Costello,Ryan,R,PA06,H0PA06076
111,N00033363,Cotton,Tom,R,ARS1,S4AR00103
112,N00024842,Courtney,Joe,D,CT02,H2CT02112
113,N00004614,Cramer,Kevin,R,ND01,S8ND00120
114,N00006267,Crapo,Mike,R,IDS2,S8ID00027
115,N00030770,Crawford,Rick,R,AR01,H0AR01083
116,N00002942,Crist,Charlie,D,FL13,H6FL13205
117,N00001127,Crowley,Joseph,D,NY14,H8NY07046
118,N00033085,Cruz,Ted,R,TXS2,S2TX00312
119,N00024978,Cuellar,Henry,D,TX28,H2TX23082
120,N00009738,Culberson,John,R,TX07,H0TX07055
121,N00001971,Cummings,Elijah E,D,MD07,H6MD07160
122,N00035403,Curbelo,Carlos,R,FL26,H4FL26038
123,N00041221,Curtis,John,R,UT03,H8UT03238
124,N00033054,Daines,Steven,R,MTS2,S2MT00096
125,N00038767,Davidson,Warren,R,OH08,H6OH08315
126,N00004884,Davis,Danny K,D,IL07,H4IL07037
127,N00034784,Davis,Rodney,R,IL13,H2IL13120
128,N00009604,Davis,Susan A,D,CA53,H0CA49055
129,N00007781,DeFazio,Peter,D,OR04,H6OR04047
130,N00006134,DeGette,Diana,D,CO01,H6CO01141
131,N00033897,Delaney,John K,D,MD06,H2MD06195
132,N00000615,DeLauro,Rosa L,D,CT03,H0CT03072
133,N00030693,DelBene,Suzan,D,WA01,H0WA08046
134,N00033449,Demings,Val,D,FL10,H2FL08063
135,N00031593,Denham,Jeff,R,CA10,H0CA19173
136,N00026171,Dent,Charlie,R,PA15,H4PA15087
137,N00034746,DeSantis,Ron,R,FL06,H2FL00292
138,N00030709,Desaulnier,Mark,D,CA11,H0CA10073
139,N00030957,Desjarlais,Scott,R,TN04,H0TN04195
140,N00031317,Deutch,Ted,D,FL22,H0FL19080
141,N00025337,Diaz-Balart,Mario,R,FL25,H2FL25018
142,N00036149,Dingell,Debbie,D,MI12,H4MI12079
143,N00006023,Doggett,Lloyd,D,TX35,H4TX10028
144,N00026586,Donnelly,Joe,D,INS1,S2IN00091
145,N00036928,Donovan,Dan,R,NY11,H6NY11174
146,N00001373,Doyle,Mike,D,PA14,H4PA18131
147,N00027860,Duckworth,Tammy,D,ILS2,S6IL00292
148,N00030967,Duffy,Sean P,R,WI07,H0WI07051
149,N00030752,Duncan,Jeff,R,SC03,H0SC03077
150,N00003209,Duncan,John J Jr,R,TN02,H8TN02069
151,N00037442,Dunn,Neal,R,FL02,H6FL02208
152,N00004981,Durbin,Dick,D,ILS1,S6IL00151
153,N00028257,Ellison,Keith,D,MN05,H6MN05183
154,N00035440,Emmer,Tom,R,MN06,H4MN06087
155,N00001003,Engel,Eliot L,D,NY16,H8NY19058
156,N00006249,Enzi,Mike,R,WYS2,S6WY00126
157,N00035483,Ernst,Joni,R,IAS2,S4IA00129
158,N00007335,Eshoo,Anna,D,CA18,H8CA12098
159,N00034549,Espaillat,Adriano,D,NY13,H2NY13096
160,N00040712,Estes,Ron,R,KS04,H8KS04112
161,N00033217,Esty,Elizabeth,D,CT05,H2CT05131
162,N00038450,Evans,Dwight,D,PA02,H6PA02171
163,N00031672,Farenthold,Blake,R,TX27,H0TX27061
164,N00037288,Faso,John,R,NY19,H6NY19169
165,N00007364,Feinstein,Dianne,D,CAS2,S0CA00199
166,N00039090,Ferguson,Drew,R,GA03,H6GA03113
167,N00033443,Fischer,Deb,R,NES1,S2NE00094
168,N00038779,Fitzpatrick,Brian,R,PA08,H6PA08277
169,N00009573,Flake,Jeff,R,AZS2,S2AZ00141
170,N00030815,Fleischmann,Chuck,R,TN03,H0TN03254
171,N00031545,Flores,Bill,R,TX17,H0TX17104
172,N00026631,Fortenberry,Jeff,R,NE01,H4NE01064
173,N00029139,Foster,Bill,D,IL11,H8IL14067
174,N00026166,Foxx,Virginia,R,NC05,H4NC05146
175,N00002893,Frankel,Lois J,D,FL21,H2FL14053
176,N00029016,Franken,Al,D,MNS1,S8MN00438
177,N00006423,Franks,Trent,R,AZ08,H4AZ04024
178,N00000684,Frelinghuysen,Rodney,R,NJ11,H2NJ05014
179,N00030490,Fudge,Marcia L,D,OH11,H8OH11141
180,N00033281,Gabbard,Tulsi,D,HI02,H2HI02508
181,N00039503,Gaetz,Matt,R,FL01,H6FL01119
182,N00039330,Gallagher,Mike,R,WI08,H6WI08155
183,N00036097,Gallego,Ruben,D,AZ07,H4AZ07043
184,N00030856,Garamendi,John,D,CA03,H0CA10149
185,N00030780,Gardner,Cory,R,COS2,S4CO00395
186,N00038847,Garrett,Tom,R,VA05,H6VA05142
187,N00040733,Gianforte,Greg,R,MT01,H8MT01182
188,N00031128,Gibbs,Bob,R,OH07,H0OH18077
189,N00027658,Gillibrand,Kirsten,D,NYS1,S0NY00410
190,N00026148,Gohmert,Louis B Jr,R,TX01,H4TX04039
191,N00040597,Gomez,Jimmy,D,CA34,H8CA34266
192,N00037615,Gonzalez,Jenniffer,3,PR00,H6PR00082
193,N00038809,Gonzalez,Vicente,D,TX15,H6TX15162
194,N00009154,Goodlatte,Bob,R,VA06,H2VA06115
195,N00030771,Gosar,Paul,R,AZ04,H0AZ01259
196,N00036944,Gottheimer,Josh,D,NJ05,H6NJ05171
197,N00030880,Gowdy,Trey,R,SC04,H0SC04257
198,N00009975,Graham,Lindsey,R,SCS2,S0SC00149
199,N00008799,Granger,Kay,R,TX12,H6TX12060
200,N00001758,Grassley,Chuck,R,IAS1,S0IA00028
201,N00036135,Graves,Garret,R,LA06,H4LA06153
202,N00013323,Graves,Sam,R,MO06,H0MO06073
203,N00030788,Graves,Tom,R,GA14,H0GA09030
204,N00026686,Green,Al,D,TX09,H4TX09095
205,N00005870,Green,Gene,D,TX29,H2TX29030
206,N00032029,Griffith,Morgan,R,VA09,H0VA09055
207,N00025284,Grijalva,Raul M,D,AZ03,H2AZ07070
208,N00029400,Grisham,Michelle Lujan,D,NM01,H8NM01257
209,N00036409,Grothman,Glenn S,R,WI06,H4WI06048
210,N00029675,Guthrie,Brett,R,KY02,H8KY02031
211,N00004874,Gutierrez,Luis V,D,IL04,H2IL08039
212,N00025881,Hanabusa,Colleen,D,HI01,H2HI02110
213,N00035477,Handel,Karen,R,GA06,H8GA06286
214,N00029632,Harper,Gregg,R,MS03,H8MS03067
215,N00029147,Harris,Andy,R,MD01,H8MD01094
216,N00036915,Harris,Kamala,D,CAS1,S6CA00584
217,N00031005,Hartzler,Vicky,R,MO04,H0MO04086
218,N00038397,Hassan,Maggie,D,NHS1,S6NH00091
219,N00002884,Hastings,Alcee L,D,FL20,H2FL23021
220,N00009869,Hatch,Orrin G,R,UTS1,S6UT00063
221,N00031557,Heck,Dennis,D,WA10,H0WA03161
222,N00029835,Heinrich,Martin,D,NMS1,S2NM00088
223,N00033782,Heitkamp,Heidi,D,NDS2,S2ND00099
224,N00027522,Heller,Dean,R,NVS1,S2NV00183
225,N00024922,Hensarling,Jeb,R,TX05,H2TX05121
226,N00040829,Hern,Kevin,R,OK01,H8OK01157
227,N00032243,Hice,Jody,R,GA10,H0GA07125
228,N00027060,Higgins,Brian M,D,NY26,H4NY27076
229,N00039953,Higgins,Clay,R,LA03,H6LA03148
230,N00035792,Hill,French,R,AR02,H4AR02141
231,N00029070,Himes,Jim,D,CT04,H8CT04172
232,N00028139,Hirono,Mazie K,D,HIS2,S2HI00106
233,N00031688,Hoeven,John,R,NDS1,S0ND00093
234,N00033399,Holding,George,R,NC02,H2NC13110
235,N00038429,Hollingsworth,Trey,R,IN09,H6IN09176
236,N00001821,Hoyer,Steny H,D,MD05,H2MD05155
237,N00033630,Hudson,Richard,R,NC08,H2NC08185
238,N00033030,Huffman,Jared,D,CA02,H2CA06259
239,N00030673,Huizenga,Bill,R,MI02,H0MI02094
240,N00031104,Hultgren,Randy,R,IL14,H0IL14080
241,N00029258,Hunter,Duncan D,R,CA50,H8CA52052
242,N00031417,Hurd,Will,R,TX23,H0TX23086
243,N00043298,Hyde-Smith,Cindy,R,MSS1,S8MS00261
244,N00005582,Inhofe,James M,R,OKS2,S4OK00083
245,N00002593,Isakson,Johnny,R,GAS2,S6GA00119
246,N00007017,Issa,Darrell,R,CA49,H0CA48024
247,N00005818,Jackson Lee,Lee, Sheila,D,TX18,H4TX18054
248,N00038858,Jayapal,Pramila,D,WA07,H6WA07458
249,N00033640,Jeffries,Hakeem,D,NY08,H2NY10092
250,N00035531,Jenkins,Evan,R,WV03,S8WV00127
251,N00029077,Jenkins,Lynn,R,KS02,H8KS02090
252,N00032088,Johnson,Bill,R,OH06,H0OH06189
253,N00008122,Johnson,Eddie Bernice,D,TX30,H2TX00015
254,N00027848,Johnson,Hank,D,GA04,H6GA04129
255,N00039106,Johnson,Mike,R,LA04,H6LA04138
256,N00032546,Johnson,Ron,R,WIS2,S0WI00197
257,N00008028,Johnson,Sam,R,TX03,H2TX03118
258,N00042648,Jones,Brenda,D,MI13,H8MI13243
259,N00024817,Jones,Doug,D,ALS1,S0AL00156
260,N00002299,Jones,Walter B Jr,R,NC03,H2NC01081
261,N00027894,Jordan,Jim,R,OH04,H6OH04082
262,N00035007,Joyce,David P,R,OH14,H2OH14064
263,N00033177,Kaine,Tim,D,VAS1,S2VA00142
264,N00003522,Kaptur,Marcy,D,OH09,H2OH09031
265,N00035934,Katko,John,R,NY24,H4NY24073
266,N00031933,Keating,Bill,D,MA09,H0MA10082
267,N00031647,Kelly,Mike,R,PA03,H0PA03271
268,N00035215,Kelly,Robin,D,IL02,H2IL02172
269,N00037003,Kelly,Trent,R,MS01,H6MS01131
270,N00034044,Kennedy,Joe III,D,MA04,H2MA04073
271,N00026823,Kennedy,John,R,LAS2,S4LA00065
272,N00026427,Khanna,Ro,D,CA17,H4CA12055
273,N00033530,Kihuen,Ruben,D,NV04,H2NV00050
274,N00033395,Kildee,Dan,D,MI05,H2MI05119
275,N00034453,Kilmer,Derek,D,WA06,H2WA06129
276,N00004403,Kind,Ron,D,WI03,H6WI03099
277,N00034580,King,Angus,I,MES1,S2ME00109
278,N00001193,King,Pete,R,NY02,H2NY03089
279,N00025237,King,Steven A,R,IA04,H2IA05072
280,N00030667,Kinzinger,Adam,R,IL16,H0IL11052
281,N00027500,Klobuchar,Amy,D,MNS2,S6MN00267
282,N00035820,Knight,Steve,R,CA25,H4CA25123
283,N00033240,Krishnamoorthi,Raja,D,IL08,H6IL08147
284,N00030875,Kuster,Ann,D,NH02,H0NH02181
285,N00025445,Kustoff,David,R,TN08,H2TN07103
286,N00006406,Kyl,Jon,R,AZS1,S4AZ00030
287,N00031377,Labrador,Raul,R,ID01,H0ID01253
288,N00037031,LaHood,Darin,R,IL18,H6IL18088
289,N00033987,LaMalfa,Doug,R,CA01,H2CA02142
290,N00041870,Lamb,Conor,D,PA18,H8PA18181
291,N00028133,Lamborn,Douglas L,R,CO05,H6CO05159
292,N00000898,Lance,Leonard,R,NJ07,H6NJ12136
293,N00009724,Langevin,Jim,D,RI02,H0RI02139
294,N00031129,Lankford,James,R,OKS1,S4OK00232
295,N00009759,Larsen,Rick,D,WA02,H0WA02080
296,N00000575,Larson,John B,D,CT01,H8CT01046
297,N00012233,Latta,Robert E,R,OH05,H8OH05036
298,N00034068,Lawrence,Brenda,D,MI14,H2MI14111
299,N00030642,Lawson,Al,D,FL05,H0FL02086
300,N00009918,Leahy,Patrick,D,VTS2,S4VT00017
301,N00008046,Lee,Barbara,D,CA13,H8CA09060
302,N00031696,Lee,Mike,R,UTS2,S0UT00165
303,N00042056,Lesko,Debbie,R,AZ08,H8AZ08158
304,N00003950,Levin,Sander,D,MI09,H2MI17023
305,N00038400,Lewis,Jason,R,MN02,H6MN02149
306,N00002577,Lewis,John,D,GA05,H6GA05217
307,N00035825,Lieu,Ted,D,CA33,H4CA33119
308,N00027239,Lipinski,Daniel,D,IL03,H4IL03077
309,N00000851,LoBiondo,Frank,R,NJ02,H2NJ02037
310,N00027741,Loebsack,David,D,IA02,H6IA02146
311,N00007479,Lofgren,Zoe,D,CA19,H4CA16049
312,N00030676,Long,Billy,R,MO07,H0MO07113
313,N00035347,Loudermilk,Barry,R,GA11,H4GA11061
314,N00033842,Love,Mia,R,UT04,H2UT04023
315,N00033274,Lowenthal,Alan,D,CA47,H2CA00104
316,N00001024,Lowey,Nita M,D,NY17,H8NY20056
317,N00005559,Lucas,Frank D,R,OK03,H4OK06056
318,N00030026,Luetkemeyer,Blaine,R,MO03,H8MO09153
319,N00029562,Lujan,Ben Ray,D,NM03,H8NM03196
320,N00013855,Lynch,Stephen F,D,MA08,H2MA09072
321,N00036155,MacArthur,Thomas,R,NJ03,H4NJ03130
322,N00000078,Maloney,Carolyn B,D,NY12,H2NY14037
323,N00034277,Maloney,Sean Patrick,D,NY18,H2NY22139
324,N00032838,Manchin,Joe,D,WVS1,S0WV00090
325,N00026710,Marchant,Kenny,R,TX24,H4TX24094
326,N00031777,Marino,Tom,R,PA10,H0PA10078
327,N00000270,Markey,Ed,D,MAS2,S4MA00028
328,N00037034,Marshall,Roger,R,KS01,H6KS01179
329,N00034041,Massie,Thomas,R,KY04,H2KY04121
330,N00037269,Mast,Brian,R,FL18,H6FL18097
331,N00037161,Masto,Catherine Cortez,D,NVS2,S6NV00200
332,N00027459,Matsui,Doris O,D,CA06,H6CA05195
333,N00006424,McCain,John,R,AZS1,S6AZ00019
334,N00028152,McCarthy,Kevin,R,CA23,H6CA22125
335,N00027694,McCaskill,Claire,D,MOS2,S6MO00305
336,N00026460,McCaul,Michael,R,TX10,H4TX10093
337,N00006863,McClintock,Tom,R,CA04,H8CA04152
338,N00012942,McCollum,Betty,D,MN04,H0MN04049
339,N00003389,McConnell,Mitch,R,KYS1,S2KY00012
340,N00039327,McEachin,Donald,D,VA04,H6VA04061
341,N00000179,McGovern,James P,D,MA02,H4MA03022
342,N00026627,McHenry,Patrick,R,NC10,H4NC10047
343,N00031681,McKinley,David,R,WV01,H0WV01072
344,N00026926,McNerney,Jerry,D,CA09,H4CA11081
345,N00033982,McSally,Martha,R,AZ02,S8AZ00221
346,N00033631,Meadows,Mark R,R,NC11,H2NC11080
347,N00031134,Meehan,Patrick,R,PA07,H0PA07082
348,N00001171,Meeks,Gregory W,D,NY05,H8NY06048
349,N00000699,Menendez,Robert,D,NJS1,S6NJ00289
350,N00034547,Meng,Grace,D,NY06,H2NY06116
351,N00029303,Merkley,Jeff,D,ORS1,S8OR00207
352,N00012546,Messer,Luke,R,IN06,S8IN00163
353,N00036274,Mitchell,Paul,R,MI10,H4MI04118
354,N00036275,Moolenaar,John,R,MI04,H4MI04126
355,N00033814,Mooney,Alex,R,WV02,H4WV02080
356,N00026914,Moore,Gwen,D,WI04,H4WI04183
357,N00005282,Moran,Jerry,R,KSS2,S0KS00091
358,N00043207,Morelle,Joseph D,D,NY25,H8NY25105
359,N00035431,Moulton,Seth,D,MA06,H4MA06090
360,N00033410,Mullin,Markwayne,R,OK02,H2OK02083
361,N00031412,Mulvaney,Mick,R,SC05,H0SC05031
362,N00026050,Murkowski,Lisa,R,AKS2,S4AK00099
363,N00027566,Murphy,Christopher S,D,CTS1,S2CT00132
364,N00040133,Murphy,Stephanie,D,FL07,H6FL07140
365,N00024992,Murphy,Tim,R,PA18,H2PA18143
366,N00007876,Murray,Patty,D,WAS2,S2WA00189
367,N00000939,Nadler,Jerrold,D,NY10,H2NY17071
368,N00006789,Napolitano,Grace,D,CA32,H8CA34068
369,N00000153,Neal,Richard E,D,MA01,H8MA02041
370,N00009926,Nelson,Bill,D,FLS1,S8FL00166
371,N00036403,Newhouse,Dan,R,WA04,H4WA04104
372,N00032022,Noem,Kristi,R,SD01,H0SD00054
373,N00021207,Nolan,Rick,D,MN08,H2MN08111
374,N00036154,Norcross,Don,D,NJ01,H4NJ01084
375,N00027783,Norman,Ralph,R,SC05,H8SC05158
376,N00001692,Norton,Eleanor Holmes,D,DC00,H0DC00058
377,N00007248,Nunes,Devin,R,CA22,H8CA20059
378,N00037515,O'Halleran,Tom,D,AZ01,H6AZ01199
379,N00033540,O'Rourke,Beto,D,TX16,S8TX00285
380,N00029285,Olson,Pete,R,TX22,H8TX22107
381,N00031958,Palazzo,Steven,R,MS04,H0MS04120
382,N00000781,Pallone,Frank Jr,D,NJ06,H8NJ03073
383,N00035691,Palmer,Gary,R,AL06,H4AL06098
384,N00038601,Panetta,Jimmy,D,CA20,H6CA20152
385,N00000751,Pascrell,Bill Jr,D,NJ09,H6NJ08118
386,N00030836,Paul,Rand,R,KYS2,S0KY00156
387,N00029391,Paulsen,Erik,R,MN03,H8MN03077
388,N00034639,Payne,Donald M Jr,D,NJ10,H2NJ10154
389,N00012672,Pearce,Steve,R,NM02,H2NM02126
390,N00007360,Pelosi,Nancy,D,CA12,H8CA05035
391,N00035516,Perdue,David,R,GAS1,S4GA11285
392,N00027510,Perlmutter,Ed,D,CO07,H6CO07023
393,N00034120,Perry,Scott,R,PA04,H2PA04135
394,N00029277,Peters,Gary,D,MIS1,S4MI00355
395,N00033591,Peters,Scott,D,CA52,H2CA52089
396,N00004558,Peterson,Collin,D,MN07,H2MN07014
397,N00013817,Pingree,Chellie,D,ME01,H8ME01120
398,N00034416,Pittenger,Robert,R,NC09,H2NC09134
399,N00035000,Plaskett,Stacey,D,VI00,H2VI00082
400,N00033549,Pocan,Mark,D,WI02,H2WI02124
401,N00026457,Poe,Ted,R,TX02,H4TX02108
402,N00034584,Poliquin,Bruce,R,ME02,H4ME02234
403,N00029127,Polis,Jared,D,CO02,H8CO02137
404,N00030744,Pompeo,Mike,R,KS04,H0KS04051
405,N00003682,Portman,Rob,R,OHS2,S0OH00133
406,N00029662,Posey,Bill,R,FL08,H8FL15107
407,N00002260,Price,David,D,NC04,H6NC04037
408,N00026160,Price,Tom,R,GA06,H4GA06087
409,N00030581,Quigley,Mike,D,IL05,H0IL05096
410,N00007635,Radewagen,Amata Coleman,R,AS00,H4AS00036
411,N00037036,Raskin,Jamie,D,MD08,H6MD08457
412,N00035972,Ratcliffe,John Lee,R,TX04,H4TX04153
413,N00000362,Reed,Jack,D,RIS2,S6RI00163
414,N00030949,Reed,Tom,R,NY23,H0NY29054
415,N00026885,Reichert,Dave,R,WA08,H4WA08071
416,N00031127,Renacci,Jim,R,OH16,S8OH00102
417,N00035927,Rice,Kathleen,D,NY04,H4NY04075
418,N00033832,Rice,Tom,R,SC07,H2SC07066
419,N00030184,Richmond,Cedric,D,LA02,H8LA02054
420,N00029441,Risch,James E,R,IDS1,S8ID00092
421,N00005285,Roberts,Pat,R,KSS1,S6KS00080
422,N00030768,Roby,Martha,R,AL02,H0AL02087
423,N00038414,Rochester,Lisa Blunt,D,DE01,H6DE00206
424,N00026314,Rodgers,Cathy McMorris,R,WA05,H4WA05077
425,N00028463,Roe,Phil,R,TN01,H6TN01388
426,N00003473,Rogers,Hal,R,KY05,H0KY05015
427,N00024759,Rogers,Mike D,R,AL03,H2AL03032
428,N00007151,Rohrabacher,Dana,R,CA48,H8CA42061
429,N00031741,Rokita,Todd,R,IN04,S8IN00189
430,N00040007,Rooney,Francis,R,FL19,H6FL19087
431,N00029018,Rooney,Tom,R,FL17,H8FL16022
432,N00002858,Ros-Lehtinen,Ileana,R,FL27,H0FL18025
433,N00038734,Rosen,Jacky,D,NV03,S8NV00156
434,N00004719,Roskam,Peter,R,IL06,H6IL06117
435,N00030645,Ross,Dennis,R,FL15,H0FL12101
436,N00031253,Rothfus,Keith J,R,PA12,H0PA04220
437,N00035187,Rounds,Mike,R,SDS2,S4SD00049
438,N00033527,Rouzer,David,R,NC07,H2NC07096
439,N00006671,Roybal-Allard,Lucille,D,CA40,H2CA33048
440,N00008264,Royce,Ed,R,CA39,H6CA39020
441,N00030612,Rubio,Marco,R,FLS2,S0FL00338
442,N00033510,Ruiz,Raul,D,CA36,H2CA36439
443,N00025482,Ruppersberger,Dutch,D,MD02,H2MD02160
444,N00004887,Rush,Bobby L,D,IL01,H2IL01042
445,N00036175,Russell,Steven,R,OK05,H4OK05132
446,N00039777,Rutherford,John,R,FL04,H6FL04105
447,N00004357,Ryan,Paul,R,WI01,H8WI01024
448,N00025280,Ryan,Tim,D,OH13,H2OH17109
449,N00030418,Sablan,Gregorio,I,MP00,H8MP00041
450,N00024870,Sanchez,Linda,D,CA38,H2CA39078
451,N00000528,Sanders,Bernie,I,VTS1,S4VT00033
452,N00002424,Sanford,Mark,R,SC01,H4SC01073
453,N00027751,Sarbanes,John,D,MD03,H6MD03292
454,N00035544,Sasse,Ben,R,NES2,S4NE00090
455,N00009660,Scalise,Steve,R,LA01,H0LA01087
456,N00042706,Scanlon,Mary Gay,D,PA07,H8PA07200
457,N00004724,Schakowsky,Jan,D,IL09,H8IL09067
458,N00028138,Schatz,Brian,D,HIS1,S4HI00136
459,N00009585,Schiff,Adam,D,CA28,H0CA27085
460,N00033101,Schneider,Brad,D,IL10,H2IL10068
461,N00030071,Schrader,Kurt,D,OR05,H8OR05107
462,N00026106,Schultz,Debbie Wasserman,D,FL23,H4FL20023
463,N00001093,Schumer,Charles E,D,NYS2,S8NY00082
464,N00006460,Schweikert,David,R,AZ06,H4AZ06045
465,N00032457,Scott,Austin,R,GA08,H0GA08099
466,N00002147,Scott,Bobby,D,VA03,H6VA01117
467,N00024871,Scott,David,D,GA13,H2GA13012
468,N00031782,Scott,Tim,R,SCS1,S4SC00240
469,N00004291,Sensenbrenner,F James Jr,R,WI05,H8WI09050
470,N00001813,Serrano,Jose E,D,NY15,H0NY18065
471,N00003062,Sessions,Jeff,R,ALS1,S6AL00195
472,N00005681,Sessions,Pete,R,TX32,H2TX03126
473,N00030622,Sewell,Terri A,D,AL07,H0AL07086
474,N00024790,Shaheen,Jeanne,D,NHS2,S0NH00219
475,N00028091,Shea-Porter,Carol,D,NH01,H6NH01230
476,N00009920,Shelby,Richard C,R,ALS2,S6AL00013
477,N00006897,Sherman,Brad,D,CA30,H6CA24113
478,N00004961,Shimkus,John M,R,IL15,H2IL20042
479,N00013770,Shuster,Bill,R,PA09,H2PA09035
480,N00006263,Simpson,Mike,R,ID02,H8ID02064
481,N00033983,Sinema,Kyrsten,D,AZ09,S8AZ00197
482,N00027523,Sires,Albio,D,NJ08,H6NJ13191
483,N00001311,Slaughter,Louise M,D,NY25,H6NY03031
484,N00007833,Smith,Adam,D,WA09,H6WA09025
485,N00027623,Smith,Adrian,R,NE03,H6NE03115
486,N00009816,Smith,Chris,R,NJ04,H8NJ04014
487,N00035282,Smith,Jason,R,MO08,H4MO08162
488,N00001811,Smith,Lamar,R,TX21,H6TX21012
489,N00042353,Smith,Tina,D,MNS1,S8MN00578
490,N00038781,Smucker,Lloyd,R,PA16,H6PA16320
491,N00037422,Soto,Darren,D,FL09,H6FL09179
492,N00029649,Speier,Jackie,D,CA14,H8CA12171
493,N00004118,Stabenow,Debbie,D,MIS2,S8MI00281
494,N00035523,Stefanik,Elise,R,NY21,H4NY21079
495,N00033932,Stewart,Chris,R,UT02,H2UT02324
496,N00029574,Stivers,Steve,R,OH15,H8OH15076
497,N00040607,Strange,Luther,R,ALS1,S8AL00308
498,N00035774,Sullivan,Dan,R,AKS1,S4AK00214
499,N00038742,Suozzi,Tom,D,NY03,H6NY03247
500,N00033508,Swalwell,Eric,D,CA15,H2CA15094
501,N00006701,Takano,Mark,D,CA41,H2CA43245
502,N00031263,Taylor,Scott,R,VA02,H0VA02118
503,N00036351,Tenney,Claudia,R,NY22,H4NY22051
504,N00027605,Tester,Jon,D,MTS1,S6MT00162
505,N00003288,Thompson,Bennie G,D,MS02,H4MS02068
506,N00029736,Thompson,Glenn,R,PA05,H8PA05071
507,N00007419,Thompson,Mike,D,CA05,H8CA01109
508,N00006052,Thornberry,Mac,R,TX13,H4TX13014
509,N00004572,Thune,John,R,SDS1,S2SD00068
510,N00009699,Tiberi,Pat,R,OH12,H0OH12062
511,N00035492,Tillis,Thom,R,NCS1,S4NC00162
512,N00027509,Tipton,Scott,R,CO03,H6CO03139
513,N00030191,Titus,Dina,D,NV01,H8NV03036
514,N00030196,Tonko,Paul,D,NY20,H8NY21203
515,N00001489,Toomey,Pat,R,PAS1,S4PA00121
516,N00036107,Torres,Norma,D,CA35,H4CA35031
517,N00035607,Trott,Dave,R,MI11,H4MI11097
518,N00029026,Tsongas,Niki,D,MA03,H8MA05143
519,N00025175,Turner,Michael R,R,OH10,H2OH03067
520,N00006561,Udall,Tom,D,NMS2,S8NM00184
521,N00004133,Upton,Fred,R,MI06,H6MI04113
522,N00033367,Valadao,David,R,CA21,H2CA20094
523,N00013820,Van Hollen,Hollen, Chris,D,MDS2,S6MD03441
524,N00007021,Vargas,Juan,D,CA51,H2CA50026
525,N00033839,Veasey,Marc,D,TX33,H2TX33073
526,N00034349,Vela,Filemon,D,TX34,H2TX27190
527,N00001102,Velazquez,Nydia M,D,NY07,H2NY00010
528,N00003813,Visclosky,Pete,D,IN01,H4IN01012
529,N00033106,Wagner,Ann L,R,MO02,H2MO02102
530,N00026368,Walberg,Tim,R,MI07,H4MI07103
531,N00007690,Walden,Greg,R,OR02,H6OR02116
532,N00035311,Walker,Mark,R,NC06,H4NC06052
533,N00031226,Walorski,Jackie,R,IN02,H0IN02190
534,N00035391,Walters,Mimi,R,CA45,H4CA45097
535,N00027467,Walz,Tim,D,MN01,H6MN01174
536,N00002097,Warner,Mark,D,VAS2,S6VA00093
537,N00033492,Warren,Elizabeth,D,MAS1,S2MA00170
538,N00006690,Waters,Maxine,D,CA43,H4CA23011
539,N00033539,Weber,Randy,R,TX14,H2TX14149
540,N00026335,Webster,Daniel,R,FL11,H0FL08208
541,N00000515,Welch,Peter,D,VT01,H6VT00160
542,N00033310,Wenstrup,Brad,R,OH02,H2OH02085
543,N00035527,Westerman,Bruce,R,AR04,H4AR04048
544,N00027533,Whitehouse,Sheldon,D,RIS1,S6RI00221
545,N00003280,Wicker,Roger,R,MSS2,S8MS00196
546,N00041997,Wild,Susan,D,PA15,H8PA15229
547,N00030602,Williams,Roger,R,TX25,H2TX33040
548,N00030650,Wilson,Frederica,D,FL24,H0FL17068
549,N00024809,Wilson,Joe,R,SC02,H2SC02059
550,N00029459,Wittman,Rob,R,VA01,H8VA01147
551,N00031857,Womack,Steve,R,AR03,H0AR03055
552,N00032416,Woodall,Rob,R,GA07,H0GA07133
553,N00007724,Wyden,Ron,D,ORS2,S6OR00110
554,N00028073,Yarmuth,John A,D,KY03,H6KY03124
555,N00031502,Yoder,Kevin,R,KS03,H0KS03137
556,N00033220,Yoho,Ted,R,FL03,H2FL06109
557,N00035509,Young,David,R,IA03,H4IA03115
558,N00007999,Young,Don,R,AK01,H6AK00045
559,N00030670,Young,Todd,R,INS2,S6IN00191
560,N00029404,Zeldin,Lee,R,NY01,H8NY01148
561,N00035616,Zinke,Ryan K,R,MT01,H4MT01041
